"year","DVRPC - Poor","DVRPC - Fair","DVRPC - Good","Pennsylvania All Counties - Poor","Pennsylvania All Counties - Fair","Pennsylvania All Counties - Good","New Jersey Suburbs - Poor","New Jersey Suburbs - Fair","New Jersey Suburbs - Good","Pennsylvania Suburbs - Poor","Pennsylvania Suburbs - Fair","Pennsylvania Suburbs - Good","Bucks - Poor","Bucks - Fair","Bucks - Good","Burlington - Poor","Burlington - Fair","Burlington - Good","Camden - Poor","Camden - Fair","Camden - Good","Chester - Poor","Chester - Fair","Chester - Good","Delaware - Poor","Delaware - Fair","Delaware - Good","Gloucester - Poor","Gloucester - Fair","Gloucester - Good","Mercer - Poor","Mercer - Fair","Mercer - Good","Montgomery - Poor","Montgomery - Fair","Montgomery - Good","Philadelphia - Poor","Philadelphia - Fair","Philadelphia - Good"
1993,1888.6,4110.3,2980.9,1487.5,2899.2,1415.8,401.1,1211.1,1565.1,898.9,2006.8,1080.1,180.1,663.1,308.5,86.0,272.4,333.1,81.6,416.2,147.9,186.1,597.7,190.9,159.3,267.8,213.5,77.3,202.0,669.8,156.1,320.4,414.4,373.3,478.2,367.2,588.6,892.4,335.7
1994,2838.3,6557.5,3935.9,2439.7,5327.0,2398.8,398.6,1230.5,1537.1,1553.9,2645.6,1682.2,775.3,773.8,438.5,76.1,277.7,325.6,91.7,409.8,149.0,194.2,644.2,225.7,152.0,425.8,485.8,74.3,224.8,646.4,156.5,318.2,416.1,432.4,801.8,532.3,885.8,2681.4,716.6
1995,2868.7,7143.3,3759.3,2486.2,5895.2,2196.8,382.5,1248.2,1562.5,1560.9,3295.8,1524.5,798.5,852.9,363.2,79.2,281.1,321.8,87.6,417.3,164.2,203.2,643.2,218.2,143.7,979.2,356.8,76.4,222.1,648.6,139.4,327.7,427.9,415.5,820.6,586.4,925.3,2599.3,672.3
1996,2815.6,6767.7,3464.3,2445.2,5490.9,1917.3,370.4,1276.8,1547.0,1539.4,2922.0,1215.6,811.9,941.5,277.1,83.0,277.7,323.3,79.2,424.4,162.3,179.4,642.4,214.7,140.9,466.0,241.1,76.4,221.2,649.3,131.9,353.6,412.2,407.1,872.1,482.7,905.8,2568.9,701.7
1997,2350.9,8748.1,3474.8,1970.5,7333.1,2078.5,380.4,1415.0,1396.3,1055.7,3289.7,1207.9,324.9,947.9,238.7,96.4,325.0,294.1,79.8,457.7,143.1,207.7,579.7,202.6,155.7,666.4,393.8,69.7,240.6,578.9,134.5,391.8,380.2,367.3,1095.6,372.8,914.8,4043.4,870.6
1998,2155.6,7215.4,3296.7,1773.7,5760.4,1863.5,382.0,1455.0,1433.2,1091.5,3045.7,1269.0,371.1,946.3,180.2,84.3,320.4,320.3,92.7,459.9,142.9,184.4,677.7,193.1,168.5,600.2,459.4,83.8,253.7,576.3,121.2,421.1,393.7,367.5,821.6,436.3,682.2,2714.7,594.5
1999,2162.7,7496.5,3589.7,1785.7,5684.2,2269.1,377.0,1812.4,1320.6,965.9,3104.9,1433.6,373.6,992.6,188.3,83.7,501.8,209.8,88.5,492.8,202.1,145.8,685.8,237.9,148.6,600.1,485.7,72.2,327.4,560.2,132.6,490.4,348.5,297.9,826.4,521.7,819.7,2579.3,835.5
2000,2322.3,7706.6,3607.3,1954.5,5928.2,2311.9,367.8,1778.5,1295.3,963.3,3121.3,1528.1,368.6,997.2,221.4,95.6,523.1,160.8,59.5,461.6,187.5,157.6,664.8,275.8,149.0,596.2,491.1,71.2,303.8,591.2,141.5,490.0,355.9,288.0,863.1,539.8,991.2,2806.9,783.8
2001,2572.6,7899.0,3355.2,2213.4,6084.2,2111.7,359.2,1814.8,1243.4,1050.3,3153.1,1444.9,359.4,995.7,234.5,92.5,515.0,166.3,55.9,484.7,168.0,194.6,662.9,249.5,144.0,654.8,440.3,74.1,294.0,573.7,136.6,521.1,335.4,352.3,839.7,520.6,1163.0,2931.1,666.8
2002,2737.1,7759.7,3439.7,2351.4,6018.4,2172.2,385.7,1741.3,1267.5,1142.4,3126.4,1436.7,391.1,970.9,239.3,92.7,508.2,192.1,79.1,454.6,150.1,224.1,633.0,263.5,147.4,669.9,431.3,53.1,278.5,585.3,160.8,500.1,340.0,379.7,852.6,502.7,1209.0,2892.0,735.5
2003,2679.7,7938.8,3671.0,2299.6,6208.2,2302.2,380.1,1730.7,1368.7,1157.1,3054.0,1501.3,402.3,958.8,233.2,80.3,487.0,248.7,98.6,439.7,153.7,219.9,622.5,315.7,147.8,642.5,448.1,51.9,313.9,579.2,149.3,490.0,387.2,387.1,830.2,504.2,1142.5,3154.2,801.0
2004,2830.1,11222.2,4497.1,2435.7,9477.0,3119.3,394.4,1745.1,1377.8,1281.4,5171.7,1790.9,401.7,1968.7,235.2,84.9,497.2,237.6,104.6,427.2,152.1,207.1,703.4,413.3,152.0,1147.9,439.6,54.1,333.4,595.9,150.9,487.4,392.1,520.7,1351.8,702.8,1154.2,4305.4,1328.4
2005,2938.9,11631.9,4170.4,2543.5,9866.1,2773.4,395.4,1765.8,1396.9,1413.1,5165.2,1817.3,418.2,2073.0,226.7,77.5,516.9,217.6,99.7,442.0,155.0,199.1,726.0,398.8,245.4,1060.0,436.0,70.7,334.6,603.0,147.5,472.3,421.3,550.5,1306.3,755.9,1130.4,4700.9,956.1
2006,2923.4,11699.5,4147.6,2562.4,9865.3,2759.6,360.9,1834.2,1387.9,1429.0,5167.6,1803.5,414.6,2054.9,255.2,64.9,551.8,226.5,75.9,453.1,124.5,198.2,716.7,420.7,255.3,1041.5,444.5,72.0,344.7,605.8,148.1,484.6,431.1,560.9,1354.5,683.1,1133.4,4697.7,956.1
2007,3164.6,12288.8,4284.9,2818.2,10408.3,2900.1,346.5,1880.4,1384.8,1486.4,5338.8,1847.9,473.1,2101.9,293.2,60.7,556.3,222.3,87.5,448.1,118.2,196.9,747.1,398.9,222.6,1100.3,438.1,48.8,391.8,593.7,149.4,484.2,450.6,593.8,1389.5,717.6,1331.8,5069.5,1052.3
2008,3331.0,11144.7,4150.1,3031.0,9197.1,2789.7,300.1,1947.6,1360.4,1749.9,4612.1,1773.8,706.2,1379.0,242.8,46.3,599.1,227.7,65.3,472.6,117.9,199.8,770.3,363.5,211.4,1108.4,439.7,48.8,391.5,561.1,139.6,484.5,453.8,632.5,1354.5,727.7,1281.1,4585.0,1015.9
2009,3197.3,9804.8,3748.0,2878.9,7839.1,2479.7,318.4,1965.7,1268.3,1503.8,3822.6,1515.9,550.1,1136.7,257.4,52.3,583.8,208.0,67.9,462.1,125.8,194.7,636.6,321.6,215.2,1095.7,441.5,69.3,369.8,535.5,128.9,550.1,399.0,543.8,953.5,495.4,1375.0,4016.5,963.8
2010,2996.1,9778.6,3821.8,2639.3,7864.4,2531.0,356.8,1914.1,1290.7,1418.5,3693.3,1578.1,441.2,1040.1,262.3,65.3,580.0,200.6,75.8,445.6,129.6,176.8,633.5,396.5,254.5,1077.1,420.6,80.6,361.3,531.4,135.1,527.2,429.2,546.1,942.5,498.7,1220.7,4171.2,952.9
2011,2883.5,9982.5,3774.0,2548.8,8023.5,2524.8,334.8,1958.9,1249.2,1449.3,3799.8,1517.4,462.6,1043.4,242.7,62.8,571.0,191.4,75.8,458.4,123.3,171.7,619.5,457.9,280.2,1188.5,285.4,61.4,400.2,514.1,134.7,529.4,420.5,534.8,948.4,531.4,1099.4,4223.7,1007.4
2012,2608.8,10245.2,4032.9,2238.6,8305.3,2822.4,370.2,1939.9,1210.5,1281.8,3979.9,1735.7,370.0,1063.7,323.0,59.0,568.1,207.9,76.3,458.4,123.3,153.8,692.3,431.4,269.3,1200.8,379.8,77.2,405.9,493.0,157.6,507.5,386.3,488.7,1023.2,601.5,956.8,4325.4,1086.7
2013,1849.5,8157.0,3593.2,1541.2,6508.8,2404.4,308.3,1648.2,1188.8,1023.2,3217.8,1581.6,309.7,851.2,303.4,56.0,497.2,185.8,49.0,440.5,110.9,149.5,642.9,421.0,213.1,1017.0,339.6,70.4,305.8,532.2,132.9,404.7,360.0,350.8,706.8,517.5,518.0,3291.0,822.8
2014,1682.1,5090.0,2868.3,1379.9,3357.9,1663.5,302.2,1732.2,1204.8,936.5,2319.6,1377.1,241.3,760.3,331.1,56.2,492.1,201.1,33.7,519.1,64.8,151.7,646.4,435.5,223.2,357.4,162.6,70.1,301.9,546.7,142.2,419.1,392.2,320.3,555.5,447.9,443.4,1038.3,286.4
2015,1658.6,5047.2,3200.6,1372.0,3358.5,1693.6,286.5,1688.7,1507.0,934.1,2321.0,1400.7,242.5,771.1,332.7,55.6,482.3,268.5,49.6,474.5,69.1,166.8,644.3,451.9,219.8,376.1,177.6,59.5,319.6,574.4,121.8,412.2,595.0,305.1,529.5,438.4,437.9,1037.5,293.0
2016,1641.7,5052.9,3376.0,1352.3,3364.2,1852.7,289.4,1688.7,1523.3,888.1,2310.2,1450.2,199.9,784.7,337.8,55.6,478.2,274.8,45.9,462.8,100.3,166.8,637.2,458.3,217.2,378.1,180.3,59.5,342.8,552.5,128.4,405.0,595.7,304.2,510.2,473.9,464.1,1054.0,402.5
2017,1617.5,5096.2,3419.0,1305.0,3409.0,1902.4,312.4,1687.2,1516.6,878.3,2304.4,1486.6,198.3,785.2,325.2,55.4,468.7,288.1,45.7,474.3,96.5,183.8,591.6,493.1,202.5,408.5,142.4,58.6,356.1,533.7,152.7,388.1,598.3,293.7,519.1,525.9,426.7,1104.6,415.8
2018,1752.9,5215.9,3374.1,1438.1,3515.4,1870.7,314.8,1700.5,1503.4,898.5,2489.4,1455.6,254.3,848.5,334.7,52.2,470.7,284.0,47.9,475.3,97.3,187.5,646.2,420.9,200.5,410.6,151.9,58.6,356.1,533.7,156.2,398.5,588.4,256.3,584.0,548.1,539.5,1026.1,415.2
2019,1648.5,5197.4,3416.5,1359.0,3472.0,1882.7,289.5,1725.5,1533.8,799.3,2478.4,1463.8,199.6,850.7,358.0,53.2,469.8,284.0,42.1,472.4,105.8,161.8,644.3,401.6,200.6,427.2,154.7,42.8,358.7,550.4,151.3,424.6,593.5,237.4,556.2,549.5,559.7,993.5,418.9
2020,1615.9,5256.4,3412.4,1327.5,3497.8,1921.3,288.4,1758.6,1491.1,778.2,2488.7,1499.6,204.6,846.0,373.4,47.4,457.7,282.8,45.7,435.8,112.9,156.0,654.1,412.4,185.1,437.7,149.4,43.8,380.3,499.9,151.4,484.8,595.6,232.6,551.0,564.5,549.4,1009.1,421.6
2021,1521.3,5457.0,3426.4,1258.4,3640.6,1970.8,262.9,1816.4,1455.7,705.0,2625.8,1553.9,172.4,852.4,392.8,45.9,462.0,252.9,46.7,449.1,104.3,137.5,678.6,404.9,154.3,488.6,175.4,24.5,420.6,493.0,145.9,484.7,605.5,240.7,606.2,580.9,553.4,1014.7,416.9
2022,1374.5,5569.5,3419.8,1127.0,3749.9,2002.7,247.4,1819.7,1417.1,688.4,2634.2,1583.1,163.6,859.3,403.0,47.2,451.0,233.2,44.3,426.0,108.4,144.7,683.0,404.3,148.7,489.8,186.0,18.0,440.3,479.6,138.0,502.5,595.9,231.4,602.1,589.7,438.6,1115.7,419.6
2023,1355.6,5684.9,3375.6,1112.0,3758.2,2021.4,243.6,1926.7,1354.2,663.0,2652.0,1584.4,158.9,871.3,407.6,47.2,455.1,253.5,41.0,438.0,112.1,145.6,682.2,409.3,153.5,447.9,184.7,18.0,507.8,412.0,137.5,525.9,576.6,205.0,650.6,582.8,448.9,1106.2,437.0
2024,1310.1,5778.8,3305.2,1065.7,3820.3,1964.7,244.4,1958.4,1340.5,630.3,2711.8,1527.7,150.1,890.0,351.1,43.1,462.6,260.6,41.0,433.6,124.7,132.7,708.1,404.9,157.3,436.0,197.0,18.0,507.0,412.7,142.4,555.3,542.5,190.2,677.7,574.8,435.4,1108.5,437.0
