Year,Burlington_NH,Burlington_H,Camden_NH,Camden_H,Gloucester_NH,Gloucester_H,Mercer_NH,Mercer_H,Bucks_NH,Bucks_H,Chester_NH,Chester_H,Delaware_NH,Delaware_H,Montgomery_NH,Montgomery_H,Philadelphia_NH,Philadelphia_H,NJCnt_NH,NJCnt_H,PASub_NH,PASub_H,DVRPC_NH,DVRPC_H
2000,0.0,0.0,0.0,0.0,0.0,0.0,0.0,0.0,0.0,0.0,0.0,0.0,0.0,0.0,0.0,0.0,0.0,0.0,0.0,0.0,0.0,0.0,0.0,0.0
2001,968.0,179.0,-658.0,395.0,570.0,69.0,452.0,348.0,1681.0,141.0,2146.0,182.0,72.0,44.0,1807.0,181.0,-4330.0,588.0,1332.0,991.0,5706.0,548.0,2708.0,2127.0
2002,5159.0,1096.0,-1875.0,1794.0,2935.0,414.0,1143.0,2061.0,4720.0,889.0,7350.0,912.0,241.0,446.0,7484.0,1408.0,-10390.0,5355.0,7362.0,5365.0,19795.0,3655.0,16767.0,14375.0
2003,10619.0,2299.0,-1816.0,3688.0,6906.0,911.0,1655.0,3682.0,8020.0,1813.0,13404.0,1841.0,-241.0,853.0,11887.0,2344.0,-16770.0,9778.0,17364.0,10580.0,33070.0,6851.0,33664.0,27209.0
2004,15857.0,3324.0,-2908.0,5581.0,11255.0,1301.0,2273.0,5635.0,9863.0,2636.0,19429.0,2947.0,-1002.0,1381.0,15470.0,3783.0,-22488.0,15014.0,26477.0,15841.0,43760.0,10747.0,47749.0,41602.0
2005,18444.0,4197.0,-3007.0,7806.0,15448.0,1871.0,3009.0,7455.0,12278.0,3781.0,26435.0,3964.0,-2251.0,1956.0,16445.0,5268.0,-24347.0,21463.0,33894.0,21329.0,52907.0,14969.0,62454.0,57761.0
2006,18015.0,5047.0,-2562.0,9611.0,18535.0,2444.0,2019.0,9102.0,13738.0,4677.0,32699.0,5362.0,-2523.0,2673.0,16546.0,6609.0,-27218.0,27304.0,36007.0,26204.0,60460.0,19321.0,69249.0,72829.0
2007,17856.0,5875.0,-2943.0,11579.0,22932.0,3303.0,1106.0,10946.0,15621.0,5992.0,40006.0,6693.0,-1760.0,3448.0,15874.0,8107.0,-30926.0,33635.0,38951.0,31703.0,69741.0,24240.0,77766.0,89578.0
2008,16212.0,6702.0,-3884.0,13532.0,26435.0,3920.0,16.0,12625.0,16584.0,7118.0,45899.0,8167.0,-1006.0,4049.0,17055.0,9589.0,-27823.0,40312.0,38779.0,36779.0,78532.0,28923.0,89488.0,106014.0
2009,14720.0,7372.0,-5308.0,15136.0,28035.0,4432.0,-856.0,14666.0,17532.0,8398.0,50137.0,9643.0,-466.0,4741.0,18309.0,11156.0,-23574.0,46383.0,36591.0,41606.0,85512.0,33938.0,98529.0,121927.0
2010,14266.0,11463.0,-19061.0,24425.0,26248.0,7201.0,-4840.0,21792.0,14732.0,13021.0,49807.0,16617.0,-1225.0,8230.0,32709.0,19178.0,-49482.0,60223.0,16613.0,64881.0,96023.0,57046.0,63154.0,182150.0
2011,13965.0,12822.0,-21490.0,26164.0,26319.0,7667.0,-6507.0,23124.0,14537.0,13769.0,52500.0,17461.0,-1528.0,8827.0,36356.0,19938.0,-44249.0,67173.0,12287.0,69777.0,101865.0,59995.0,69903.0,196945.0
2012,13084.0,14038.0,-24026.0,27699.0,25915.0,8188.0,-6311.0,24104.0,13416.0,14298.0,54408.0,18180.0,-849.0,9634.0,38752.0,20933.0,-39857.0,74139.0,8662.0,74029.0,105727.0,63045.0,74532.0,211213.0
2013,10689.0,14735.0,-26791.0,28788.0,25429.0,8753.0,-6597.0,25265.0,12197.0,15183.0,56667.0,18937.0,-730.0,10253.0,41429.0,22170.0,-39001.0,79772.0,2730.0,77541.0,109563.0,66543.0,73292.0,223856.0
2014,9167.0,15601.0,-29707.0,30112.0,25616.0,9363.0,-8217.0,26365.0,11750.0,15871.0,59485.0,19784.0,-258.0,10978.0,43516.0,23250.0,-38415.0,86333.0,-3141.0,81441.0,114493.0,69883.0,72937.0,237657.0
2015,7186.0,16246.0,-31994.0,31721.0,25290.0,9952.0,-10151.0,27514.0,10806.0,16838.0,60794.0,20760.0,-295.0,11544.0,43939.0,24254.0,-38447.0,91970.0,-9669.0,85433.0,115244.0,73396.0,67128.0,250799.0
2016,5499.0,17073.0,-34622.0,33713.0,24362.0,10698.0,-11822.0,28760.0,10046.0,18183.0,61475.0,21791.0,-439.0,12171.0,45133.0,25671.0,-39007.0,97516.0,-16583.0,90244.0,116215.0,77816.0,60625.0,265576.0
2017,3994.0,18216.0,-37475.0,35788.0,23892.0,11368.0,-13089.0,30496.0,9756.0,19423.0,63027.0,22373.0,-956.0,12838.0,48256.0,27060.0,-40047.0,103106.0,-22678.0,95868.0,120083.0,81694.0,57358.0,280668.0
2018,2139.0,19206.0,-39727.0,38169.0,23628.0,12196.0,-14911.0,32338.0,9607.0,20573.0,65450.0,23135.0,-571.0,13826.0,49317.0,28620.0,-43543.0,109593.0,-28871.0,101909.0,123803.0,86154.0,51389.0,297656.0
2019,1575.0,20374.0,-41379.0,39939.0,23081.0,12854.0,-17257.0,33926.0,8983.0,21655.0,67567.0,23921.0,-96.0,14867.0,52011.0,29917.0,-45983.0,112505.0,-33980.0,107093.0,128465.0,90360.0,48502.0,309958.0
2020,15161.0,23121.0,-31214.0,46425.0,31188.0,15674.0,-14638.0,50343.0,22512.0,26029.0,73880.0,27449.0,5947.0,18433.0,68502.0,39509.0,-26754.0,109896.0,497.0,135563.0,170841.0,111420.0,144584.0,356879.0
2021,16076.0,25003.0,-32600.0,48782.0,31792.0,17099.0,-19985.0,51396.0,22697.0,27068.0,79232.0,28206.0,5657.0,19259.0,74446.0,40816.0,-39503.0,111584.0,-4717.0,142280.0,182032.0,115349.0,137812.0,369213.0
2022,15695.0,27006.0,-34647.0,51385.0,32333.0,18733.0,-23082.0,53100.0,19823.0,28102.0,84262.0,28875.0,3659.0,20238.0,73945.0,42112.0,-63470.0,112764.0,-9701.0,150224.0,181689.0,119327.0,108518.0,382315.0
2023,16534.0,29233.0,-34513.0,53798.0,32556.0,20166.0,-24227.0,55137.0,19144.0,29208.0,86619.0,29664.0,3583.0,21161.0,76354.0,43401.0,-82635.0,115635.0,-9650.0,158334.0,185700.0,123434.0,93415.0,397403.0
