"year","vmtDVRPC","vmtPerVehicleDVRPC","vmtPerCapDVRPC","vmtNJSuburbs","vmtPerVehicleNJSuburbs","vmtPerCapNJSuburbs","vmtAllPACounties","vmtPerVehicleAllPACounties","vmtPerCapAllPACounties","vmtPASuburbs","vmtPerVehiclePASuburbs","vmtPerCapPASuburbs","vmtBucksCo","vmtPerVehicleBucksCo","vmtPerCapBucksCo","vmtBurlingtonCo","vmtPerVehicleBurlingtonCo","vmtPerCapBurlingtonCo","vmtCamdenCo","vmtPerVehicleCamdenCo","vmtPerCapCamdenCo","vmtChesterCo","vmtPerVehicleChesterCo","vmtPerCapChesterCo","vmtDelawareCo","vmtPerVehicleDelawareCo","vmtPerCapDelawareCo","vmtGloucesterCo","vmtPerVehicleGloucesterCo","vmtPerCapGloucesterCo","vmtMercerCo","vmtPerVehicleMercerCo","vmtPerCapMercerCo","vmtMontgomeryCo","vmtPerVehicleMontgomeryCo","vmtPerCapMontgomeryCo","vmtPhillyCo","vmtPerVehiclePhillyCo","vmtPerCapPhillyCo"
2000,103.93,34.45,19.29,37.72,40.23,24.53,66.21,31.84,17.20,51.04,33.31,21.88,12.93,31.49,21.63,12.17,43.60,28.75,10.68,36.91,20.99,10.92,36.90,25.19,9.32,28.84,16.92,6.62,40.20,25.98,8.25,40.36,23.51,17.87,35.57,23.82,15.18,27.71,10.00
2001,106.43,,19.64,38.49,,24.82,67.93,,17.56,52.38,,22.24,13.29,,22.03,12.49,,29.06,10.63,,20.93,11.17,,25.29,9.67,,17.49,6.94,,26.78,8.44,,23.83,18.25,,24.08,15.55,,10.28
2002,107.98,,19.82,38.65,,24.68,69.34,,17.86,53.56,,22.58,13.49,,22.20,12.58,,28.84,10.54,,20.68,11.65,,25.97,9.75,,17.64,6.96,,26.40,8.57,,24.06,18.68,,24.47,15.77,,10.44
2003,109.66,,20.02,39.29,,24.87,70.37,,18.06,54.26,,22.74,13.62,,22.33,12.72,,28.74,10.43,,20.44,11.76,,25.80,9.88,,17.89,7.22,,26.92,8.91,,24.85,19.00,,24.73,16.11,,10.67
2004,110.95,,20.14,40.33,,25.31,70.62,,18.04,54.50,,22.71,13.67,,22.27,13.01,,29.17,10.63,,20.73,11.74,,25.32,9.99,,18.11,7.30,,26.75,9.38,,25.98,19.10,,24.78,16.13,,10.65
2005,112.27,35.13,20.30,41.14,39.96,25.71,71.13,32.84,18.10,54.82,33.50,22.73,13.70,31.28,22.23,13.37,42.90,29.94,10.86,34.57,21.08,11.83,35.93,25.09,10.18,30.42,18.44,7.43,39.65,26.86,9.49,43.81,26.22,19.11,35.76,24.75,16.32,30.78,10.75
2006,113.34,35.09,20.60,41.80,40.24,25.84,71.55,32.65,18.41,55.14,33.08,22.63,13.64,30.72,21.88,13.20,43.05,29.29,11.30,35.69,21.85,12.00,34.98,24.89,10.27,30.92,18.46,7.50,38.23,26.59,9.80,44.69,26.67,19.24,35.12,24.81,16.41,31.27,11.33
2007,113.38,34.56,20.62,41.32,39.48,25.64,72.06,32.26,18.54,55.68,33.32,22.84,13.84,31.40,22.28,12.89,40.82,28.84,11.20,35.12,21.81,12.13,35.53,24.93,10.32,30.66,18.62,7.46,38.90,26.11,9.77,44.40,26.73,19.39,35.10,24.98,16.38,29.11,11.30
2008,111.22,34.11,20.19,39.88,38.68,24.69,71.33,32.00,18.33,55.03,32.73,22.51,13.74,31.29,22.11,12.21,39.63,27.41,10.96,34.71,21.19,12.08,34.91,24.57,10.36,30.27,18.71,7.38,38.00,25.63,9.34,43.82,25.59,18.85,34.02,24.23,16.31,29.76,11.27
2009,107.98,33.01,19.17,39.69,38.17,24.50,68.29,30.61,17.02,52.73,31.46,21.39,13.16,29.50,21.02,12.35,39.24,27.69,10.70,33.08,20.66,11.96,34.67,23.97,9.55,28.55,17.11,7.28,37.47,25.13,9.35,45.13,25.54,18.07,32.80,23.10,15.55,28.05,10.05
2010,107.02,32.87,19.02,39.52,38.26,24.44,67.50,30.37,16.84,52.38,31.12,21.10,13.13,30.34,21.00,12.45,40.13,27.76,10.55,34.54,20.53,11.94,33.38,23.93,9.27,27.71,16.58,7.47,37.91,25.91,9.05,41.11,24.70,18.05,32.32,22.56,15.12,28.00,9.91
2011,105.63,32.51,18.70,39.36,38.35,24.31,66.28,29.82,16.44,51.64,30.64,20.70,12.95,28.69,20.66,12.27,39.47,27.29,10.54,35.41,20.54,11.72,33.38,23.26,9.14,27.61,16.34,7.43,37.77,25.71,9.11,41.24,24.82,17.82,32.30,22.16,14.64,27.24,9.53
2012,106.77,32.47,18.82,40.52,39.38,24.97,66.25,29.33,16.35,51.32,30.36,20.50,12.70,28.48,20.26,12.78,41.59,28.31,10.75,35.28,20.94,11.59,32.32,22.89,9.23,28.40,16.44,7.75,38.39,26.77,9.24,42.98,25.09,17.80,31.74,22.02,14.92,26.25,9.64
2013,106.32,32.18,18.69,41.30,40.21,25.43,65.02,28.56,16.00,50.61,29.74,20.16,12.72,28.49,20.29,12.79,41.51,28.37,10.66,35.85,20.78,11.56,31.19,22.68,8.88,27.18,15.79,7.79,38.77,26.83,10.07,45.60,27.17,17.46,31.28,21.49,14.41,25.06,9.28
2014,107.25,32.15,18.81,41.29,39.42,25.43,65.96,28.83,16.17,50.91,29.75,20.21,12.74,28.41,20.34,12.83,40.07,28.54,10.72,34.60,20.98,11.49,31.66,22.40,8.98,27.00,15.95,7.87,39.98,27.04,9.86,44.75,26.55,17.69,31.19,21.66,15.06,26.09,9.65
2015,107.80,31.88,18.85,41.80,40.27,25.74,66.01,28.17,16.12,50.75,29.12,20.09,12.67,27.31,20.20,12.73,41.33,28.27,10.98,35.15,21.50,11.59,30.94,22.46,8.86,26.32,15.71,8.00,40.37,27.43,10.09,45.97,27.16,17.64,31.06,21.53,15.25,25.41,9.73
2016,110.32,32.41,19.29,43.14,40.92,26.59,67.18,28.59,16.40,52.04,29.91,20.59,12.87,28.05,20.54,13.46,41.46,29.96,11.30,36.11,22.15,11.91,32.28,23.07,9.28,27.27,16.48,8.38,41.44,28.68,10.00,46.65,26.95,17.98,31.45,21.88,15.14,24.81,9.65
2017,111.45,32.42,19.40,43.56,40.79,26.79,67.89,28.64,16.48,52.55,29.77,20.70,12.86,27.66,20.46,13.61,41.85,30.35,11.38,35.78,22.28,12.07,32.15,23.24,9.34,27.15,16.53,8.49,41.36,29.07,10.08,45.92,26.89,18.29,31.46,22.14,,,
2018,110.82,31.84,19.30,43.16,40.27,26.75,67.66,28.09,16.39,52.41,29.36,20.60,12.88,26.93,20.50,13.52,41.51,30.37,11.34,35.58,22.37,12.00,31.10,22.99,9.30,27.61,16.47,8.39,42.04,28.79,9.90,43.54,26.78,18.23,31.21,22.00,15.25,24.47,9.63
2019,112.01,31.65,19.49,43.98,40.50,27.30,68.03,27.73,16.45,52.78,29.21,20.69,12.98,27.04,20.67,13.81,42.27,31.00,11.42,35.28,22.55,11.99,31.52,22.84,9.43,27.17,16.64,8.56,40.81,29.35,10.20,45.15,27.75,18.38,30.67,22.12,15.25,23.59,9.63
2020,92.07,25.19,15.62,37.33,33.36,22.29,54.74,21.58,12.98,42.29,22.84,16.18,10.50,21.39,16.24,11.44,34.05,24.78,9.94,29.87,18.99,9.59,24.30,17.95,7.34,20.61,12.72,7.42,34.25,24.56,8.53,36.53,22.01,14.87,24.38,17.35,12.45,18.17,7.76
2021,110.61,29.62,18.83,41.96,36.62,25.00,68.66,26.52,16.36,52.36,27.98,19.99,12.91,26.84,19.98,13.16,38.91,28.36,10.98,32.32,20.97,11.75,29.13,21.81,9.40,25.79,16.37,8.25,36.65,27.09,9.56,39.44,24.78,18.30,29.41,21.27,16.30,22.72,10.34
2022,109.56,29.22,18.64,42.36,37.63,25.24,67.20,25.61,16.01,50.59,26.95,19.23,12.70,25.74,19.68,13.29,40.25,28.51,11.02,32.46,20.99,11.61,28.47,21.27,8.77,24.63,15.24,8.50,38.48,27.73,9.56,40.64,25.10,17.52,28.23,20.26,16.60,22.24,10.59
2023,112.80,30.02,19.19,43.83,37.92,25.99,68.97,26.51,16.45,52.49,27.91,19.87,13.11,26.09,20.30,13.65,38.59,29.09,11.32,33.05,21.47,12.13,30.23,22.06,9.10,25.44,15.78,8.82,40.49,28.59,10.04,41.52,26.31,18.16,29.32,20.90,16.47,22.87,10.63
2024,108.48,28.50,18.19,44.18,37.47,25.78,64.30,24.48,15.13,49.06,25.85,18.34,12.25,24.51,18.84,13.64,39.33,28.68,11.39,31.79,21.33,11.33,26.84,20.20,8.56,23.63,14.64,8.82,39.58,28.28,10.34,41.17,26.36,16.92,27.59,19.25,15.25,20.89,9.69
